Imb,Priv,Unpriv,Deid,Orig_Acc,Tran_Acc,Orig_Bal,Tran_Bal,Orig_SP,Tran_SP,Orig_DI,Tran_DI,Orig_PP,Tran_PP,Or_Priv_PP,Tr_Priv_PP,Or_Unpr_PP,Tr_Unpr_PP,Orig_FN,Tran_FN,Or_Priv_FN,Tr_Priv_FN,Or_Unpr_FN,Tr_Unpr_FN
100,50,40,og,0.7075,0.7085,0.70773,0.7087,-0.09161,0.06754,0.79641,0.99731,0.54042,0.53525,0.54148,0.53526,0.43403,0.53476,0.25208,0.25628,0.25125,0.25683,0.34286,0.18929
100,50,40,deid4,0.69858,0.69758,0.69946,0.69845,-0.11367,0.11654,0.72288,1.07544,0.53483,0.53017,0.53632,0.52984,0.38995,0.5794,0.26605,0.27173,0.2649,0.27249,0.37857,0.15595
100,50,40,deid8,0.69675,0.69567,0.69769,0.69652,-0.37957,-0.14089,0.43463,0.90517,0.50767,0.50692,0.51053,0.50716,0.23005,0.47386,0.29484,0.29678,0.29186,0.29601,0.67143,0.4369
100,50,40,deid16,0.69267,0.69292,0.69284,0.69307,-0.01085,0.1065,0.95888,1.14833,0.47525,0.47533,0.4752,0.47461,0.46258,0.54258,0.33232,0.332,0.332,0.33269,0.34286,0.22619
100,50,20,og,0.70775,0.70542,0.7088,0.70625,-0.40878,0.10716,0.21763,0.78976,0.55633,0.55317,0.56069,0.55437,0.12921,0.43877,0.23424,0.23997,0.23288,0.24049,0.64167,0.13333
100,50,20,deid4,0.69942,0.698,0.70058,0.69908,-0.35954,0.08565,0.23437,1.04437,0.532,0.53175,0.53598,0.53161,0.13102,0.54461,0.26692,0.26861,0.26546,0.26899,0.625,0.18333
100,50,20,deid8,0.69792,0.697,0.69953,0.69843,-0.70982,-0.03141,0,0.65555,0.50717,0.49875,0.51244,0.50023,0,0.34505,0.29267,0.30219,0.29018,0.30193,1,0.33333
100,50,20,deid16,0.69483,0.69283,0.69477,0.69263,-0.47045,-0.08146,0.20759,0.81216,0.47342,0.47125,0.47705,0.47216,0.1009,0.3843,0.33138,0.33567,0.32955,0.3352,0.8,0.41667
100,50,10,og,0.7085,0.70367,0.70945,0.70476,-0.65771,0.10813,0.01673,0.67868,0.546,0.53633,0.5516,0.53824,0.01176,0.36166,0.24364,0.25794,0.24229,0.25813,0.9,0.15
100,50,10,deid4,0.7,0.699,0.70132,0.7001,-0.73712,0.17366,0,0.76063,0.5335,0.52583,0.53902,0.52689,0,0.41519,0.26438,0.27329,0.26288,0.27366,1,0.1
100,50,10,deid8,0.69692,0.6945,0.69882,0.69627,-0.73562,-0.0801,0,0.83387,0.53442,0.53283,0.54008,0.5336,0,0.45382,0.26584,0.27,0.26438,0.2699,1,0.35
100,50,10,deid16,0.69458,0.69225,0.69477,0.6921,-0.67575,-0.11256,0,0.78247,0.47892,0.46958,0.48388,0.47058,0,0.3714,0.3256,0.33759,0.32425,0.33744,1,0.45
100,50,5,og,0.70875,0.7065,0.70972,0.70712,-0.76984,0.04143,0,0.4358,0.55775,0.5505,0.56363,0.55362,0,0.24738,0.23145,0.24136,0.23016,0.24143,1,0.2
100,50,5,deid4,0.70158,0.70067,0.70275,0.70182,-0.73313,0.07902,0,0.5163,0.52825,0.51833,0.53373,0.52077,0,0.28345,0.2681,0.27888,0.26687,0.27902,1,0.2
100,50,5,deid8,0.69692,0.69492,0.69868,0.69644,-0.72747,-0.01576,0,0.76864,0.52658,0.51825,0.53217,0.51945,0,0.40441,0.27375,0.28427,0.27253,0.28424,1,0.3
100,50,5,deid16,0.69358,0.69067,0.69411,0.69075,-0.69913,-0.08132,0,0.84297,0.50308,0.48967,0.50838,0.4906,0,0.40547,0.30204,0.31881,0.30087,0.31868,1,0.4
100,40,20,og,0.7045,0.70342,0.70487,0.70396,-0.22487,0.10952,0.34536,0.93524,0.45425,0.4555,0.45719,0.45592,0.16097,0.41765,0.30088,0.3007,0.30013,0.30119,0.525,0.19167
100,40,20,deid4,0.7125,0.71117,0.70945,0.70765,-0.4839,-0.16224,0.29615,0.82361,0.43992,0.43858,0.44303,0.43941,0.13277,0.35986,0.3098,0.3133,0.30777,0.31276,0.79167,0.475
100,40,20,deid8,0.70417,0.70333,0.69541,0.69479,-0.37491,-0.22491,0.34021,0.53284,0.41458,0.41575,0.41742,0.4175,0.14355,0.2346,0.35189,0.35149,0.35009,0.35009,0.725,0.575
100,40,20,deid16,0.677,0.67625,0.67981,0.67894,-0.2367,-0.10149,0.52822,0.84896,0.47058,0.47033,0.47263,0.47129,0.25708,0.3843,0.31463,0.31589,0.3133,0.31518,0.55,0.41667
100,40,10,og,0.70558,0.70467,0.70633,0.70469,-0.60456,0.15224,0.03296,0.79995,0.45608,0.45317,0.46065,0.45409,0.01765,0.36573,0.29696,0.30187,0.29544,0.30224,0.9,0.15
100,40,10,deid4,0.71017,0.70975,0.70957,0.70786,-0.70457,-0.14563,0.11747,0.4105,0.452,0.44642,0.45613,0.44915,0.05498,0.18557,0.29718,0.30485,0.29543,0.30437,1,0.45
100,40,10,deid8,0.7045,0.70292,0.69702,0.69559,-0.45742,-0.30638,0.23129,0.60711,0.4205,0.42158,0.42364,0.42305,0.10271,0.265,0.34378,0.34441,0.34258,0.34362,0.8,0.65
100,40,10,deid16,0.679,0.67808,0.68195,0.6803,-0.68985,-0.13349,0,0.83422,0.4705,0.46758,0.47543,0.46842,0,0.37826,0.31183,0.31673,0.31015,0.31651,1,0.45
100,40,5,og,0.70758,0.7075,0.70685,0.70549,-0.69801,0.01086,0,0.52635,0.44892,0.44317,0.45363,0.44531,0,0.23562,0.30344,0.31084,0.30199,0.31086,1,0.3
100,40,5,deid4,0.71242,0.7105,0.71111,0.7081,-0.70138,-0.29198,0,0.61606,0.44725,0.44233,0.45193,0.44401,0,0.27738,0.30008,0.30861,0.29862,0.30802,1,0.6
100,40,5,deid8,0.70767,0.70583,0.69835,0.69621,-0.65041,0.25486,0,1.26424,0.41167,0.41083,0.41593,0.40969,0,0.51708,0.35094,0.35434,0.34959,0.35486,1,0.1
100,40,5,deid16,0.6795,0.68,0.68157,0.68083,-0.6852,-0.07742,0,0.92014,0.4665,0.46083,0.47138,0.46144,0,0.40714,0.31623,0.32274,0.3148,0.32258,1,0.4
100,20,10,og,0.66433,0.66417,0.69886,0.69645,-0.10794,0.19991,0.47289,1.01387,0.43933,0.437,0.44193,0.43721,0.18836,0.41735,0.24293,0.24911,0.24206,0.24991,0.35,0.05
100,20,10,deid4,0.71525,0.71533,0.7001,0.70043,-0.57716,-0.22632,0.17119,0.54342,0.35442,0.35467,0.35732,0.35615,0.06332,0.211,0.32578,0.325,0.32284,0.32368,0.9,0.55
100,20,10,deid8,0.714,0.715,0.70175,0.70072,-0.33231,-0.32797,0.67079,0.75572,0.35817,0.3555,0.3595,0.35646,0.22383,0.2546,0.31946,0.32378,0.31769,0.32203,0.65,0.65
100,20,10,deid16,0.65992,0.66033,0.69465,0.69476,-0.35504,-0.20379,0.58924,0.81025,0.44225,0.44167,0.44392,0.44257,0.26251,0.35473,0.24673,0.24716,0.24496,0.24621,0.6,0.45
100,20,5,og,0.65983,0.65992,0.69726,0.69579,-0.66225,0.24561,0.03148,0.7514,0.44433,0.44258,0.44876,0.44354,0.01765,0.33417,0.2405,0.24459,0.23775,0.24561,0.9,0
100,20,5,deid4,0.71592,0.71383,0.70245,0.70141,-0.68236,0.02001,0,0.77864,0.35592,0.35817,0.3595,0.35891,0,0.28692,0.32047,0.3199,0.31764,0.32001,1,0.3
100,20,5,deid8,0.71533,0.714,0.70229,0.70171,-0.68264,0.22054,0,1.15473,0.3565,0.358,0.36017,0.35721,0,0.42728,0.3202,0.31963,0.31736,0.32054,1,0.1
100,20,5,deid16,0.67108,0.66817,0.69695,0.69437,-0.74358,-0.13921,0,1.01038,0.42575,0.428,0.43016,0.4278,0,0.4385,0.25951,0.26141,0.25642,0.26079,1,0.4
100,10,5,og,0.674,0.67292,0.69658,0.69631,-0.12572,0.1762,0.3474,0.84675,0.36975,0.371,0.37207,0.37148,0.14523,0.31821,0.2754,0.27465,0.27428,0.2762,0.4,0.1
100,10,5,deid4,0.70533,0.70575,0.70029,0.70055,-0.49856,0.00587,0.17236,0.8748,0.33275,0.33233,0.33546,0.33267,0.06729,0.31192,0.30581,0.30571,0.30144,0.30587,0.8,0.3
100,10,5,deid8,0.65383,0.65492,0.6954,0.69813,-0.65411,0.04683,0.17113,1.04698,0.39592,0.39583,0.39876,0.39531,0.09902,0.43455,0.25143,0.2466,0.24589,0.24683,0.9,0.2
100,10,5,deid16,0.70817,0.70542,0.69487,0.69516,-0.6846,-0.1846,0.07125,1.16226,0.32708,0.33067,0.33001,0.33001,0.03529,0.4004,0.32126,0.31717,0.3154,0.3154,1,0.5
50,50,40,og,0.70892,0.71025,0.71016,0.71148,-0.16379,0.0575,0.70823,0.99224,0.54375,0.54725,0.54736,0.54728,0.38977,0.54699,0.24719,0.24237,0.24382,0.24382,0.40761,0.18632
50,50,40,deid4,0.69642,0.69675,0.69725,0.69756,-0.17998,-0.05094,0.69454,0.91531,0.50992,0.51208,0.51347,0.51321,0.35528,0.46485,0.29391,0.29145,0.29026,0.2906,0.47024,0.34154
50,50,40,deid8,0.69525,0.69467,0.69645,0.69583,-0.28993,-0.12777,0.59349,0.92582,0.50375,0.50417,0.50837,0.50478,0.30442,0.47788,0.30084,0.30104,0.29486,0.29816,0.58479,0.42593
50,50,40,deid16,0.68642,0.68575,0.68788,0.68712,-0.17511,-0.10751,0.64036,0.75699,0.48008,0.47392,0.48399,0.47648,0.30906,0.36739,0.33309,0.34002,0.32954,0.33785,0.50465,0.44536
50,50,20,og,0.711,0.711,0.71295,0.71228,-0.42048,0.1286,0.19544,0.77535,0.54283,0.52533,0.5529,0.52821,0.11037,0.40747,0.2431,0.26128,0.23857,0.26253,0.65905,0.13393
50,50,20,deid4,0.6995,0.6965,0.70044,0.69749,-0.3838,0.10544,0.22067,0.90954,0.499,0.50567,0.50803,0.50693,0.10932,0.45745,0.2995,0.29578,0.29549,0.29699,0.67929,0.19155
50,50,20,deid8,0.69942,0.69467,0.70054,0.69572,-0.51086,-0.0079,0.20595,0.93985,0.49875,0.4975,0.50801,0.4981,0.10212,0.46855,0.29963,0.30576,0.29438,0.30567,0.80524,0.31357
50,50,20,deid16,0.68725,0.68608,0.68854,0.68714,-0.56152,-0.19259,0.16506,0.65622,0.47658,0.46658,0.48561,0.47,0.0814,0.32116,0.33393,0.34533,0.32801,0.34349,0.88952,0.53607
50,50,10,og,0.71225,0.70775,0.714,0.709,-0.7301,0.08249,0.00482,0.80852,0.52958,0.51725,0.54196,0.51985,0.00294,0.41123,0.25438,0.27179,0.2499,0.27249,0.98,0.19
50,50,10,deid4,0.7005,0.69483,0.70151,0.69593,-0.51528,-0.0309,0.07769,0.80178,0.5005,0.5065,0.51109,0.5087,0.03949,0.41043,0.29605,0.29572,0.29305,0.29577,0.80833,0.32667
50,50,10,deid8,0.70125,0.69575,0.70248,0.69677,-0.69518,0.04004,0,0.82124,0.48642,0.48492,0.49778,0.48712,0,0.39626,0.3091,0.31638,0.30482,0.31671,1,0.27667
50,50,10,deid16,0.68933,0.68642,0.69015,0.68716,-0.66551,-0.29947,0,0.58645,0.4695,0.46392,0.48038,0.46846,0,0.28093,0.33858,0.3472,0.33449,0.34553,1,0.645
50,50,5,og,0.71458,0.71042,0.71664,0.71198,-0.76253,0.118,0,0.52299,0.54083,0.51783,0.55355,0.52346,0,0.27632,0.2398,0.26752,0.23747,0.268,1,0.15
50,50,5,deid4,0.70183,0.69742,0.7028,0.69817,-0.70995,-0.04555,0,0.5063,0.50242,0.495,0.51407,0.50038,0,0.25753,0.2922,0.30435,0.29005,0.30445,1,0.35
50,50,5,deid8,0.70117,0.69583,0.70258,0.69686,-0.70293,0.11348,0,0.74407,0.49558,0.48758,0.50717,0.49047,0,0.36379,0.29921,0.31301,0.29707,0.31348,1,0.2
50,50,5,deid16,0.69042,0.68575,0.69208,0.68635,-0.68959,-0.43712,0,0.75228,0.493,0.46417,0.50448,0.46641,0,0.36288,0.31251,0.34721,0.31041,0.34622,1,0.78333
50,40,20,og,0.709,0.70892,0.71119,0.71109,-0.27991,0.14841,0.33103,0.87209,0.46725,0.467,0.47432,0.46843,0.16203,0.41013,0.28002,0.2804,0.27628,0.28234,0.55619,0.13393
50,40,20,deid4,0.71375,0.71333,0.71266,0.71051,-0.49325,-0.00189,0.1969,0.87323,0.452,0.44125,0.46034,0.4426,0.08983,0.38991,0.29334,0.30662,0.28699,0.30656,0.78024,0.30845
50,40,20,deid8,0.70075,0.70308,0.69736,0.69815,-0.29737,0.06963,0.47789,0.91645,0.44283,0.436,0.44826,0.43706,0.20954,0.39307,0.321,0.32683,0.31728,0.32785,0.61464,0.25821
50,40,20,deid16,0.66017,0.6605,0.68077,0.6815,-0.55741,-0.00868,0.31388,0.85583,0.56358,0.56575,0.57259,0.56773,0.18225,0.48668,0.22011,0.21704,0.21295,0.21704,0.77036,0.22571
50,40,10,og,0.70917,0.70583,0.7149,0.71115,-0.5997,0.08769,0.05117,0.91405,0.48725,0.48608,0.49785,0.48701,0.02667,0.45288,0.25463,0.26028,0.2503,0.26103,0.85,0.17333
50,40,10,deid4,0.71742,0.71333,0.71626,0.70941,-0.39229,-0.15507,0.15209,0.81108,0.44967,0.43425,0.45845,0.43622,0.06751,0.35253,0.29043,0.31407,0.28771,0.31326,0.68,0.46833
50,40,10,deid8,0.70117,0.70275,0.69913,0.6992,-0.58711,0.05781,0.14688,0.92533,0.45008,0.44333,0.45895,0.44429,0.06689,0.40953,0.31068,0.31738,0.30622,0.31781,0.89333,0.26
50,40,10,deid16,0.66692,0.66,0.68353,0.67548,-0.76357,-0.18288,0.02474,1.05191,0.53717,0.53425,0.54921,0.53349,0.01613,0.57587,0.24234,0.25497,0.23643,0.25378,1,0.43667
50,40,5,og,0.71,0.70758,0.71596,0.71191,-0.7497,0.11566,0.01743,0.68394,0.48683,0.47975,0.49785,0.48315,0.00968,0.33485,0.25311,0.26505,0.2503,0.26566,1,0.15
50,40,5,deid4,0.71658,0.71775,0.7164,0.71298,-0.71765,-0.13902,0,0.64507,0.45425,0.43242,0.46479,0.43627,0,0.26711,0.28505,0.31101,0.28235,0.31098,1,0.45
50,40,5,deid8,0.705,0.70392,0.70418,0.70166,-0.70209,-0.1909,0.01193,0.72585,0.4535,0.44775,0.46382,0.45061,0.00645,0.32107,0.30055,0.30936,0.29791,0.3091,1,0.5
50,40,5,deid16,0.66692,0.661,0.68384,0.67756,-0.76097,-0.38524,0,0.78153,0.53658,0.53683,0.54901,0.53937,0,0.43633,0.24199,0.24934,0.23903,0.2481,1,0.63333
50,20,10,og,0.67467,0.68058,0.69888,0.70058,-0.18863,0.01884,0.51722,1.06292,0.42133,0.41292,0.42606,0.41262,0.22311,0.43397,0.26087,0.26657,0.25804,0.26717,0.44667,0.24833
50,20,10,deid4,0.6705,0.66508,0.69745,0.694,-0.28409,-0.10276,0.28265,1.00364,0.42617,0.43158,0.43327,0.43147,0.12165,0.44938,0.25844,0.25854,0.25424,0.25724,0.53833,0.36
50,20,10,deid8,0.71483,0.71208,0.70032,0.70016,-0.52738,-0.16237,0.24283,0.81962,0.356,0.36042,0.36228,0.36227,0.08901,0.29051,0.32395,0.31978,0.31595,0.31763,0.84333,0.48
50,20,10,deid16,0.65,0.64908,0.6862,0.68655,-0.52534,-0.18239,0.43585,1.08209,0.44983,0.45175,0.45581,0.45071,0.19519,0.50384,0.25272,0.25024,0.24466,0.24761,0.77,0.43
50,20,5,og,0.67383,0.67425,0.70099,0.70002,-0.53274,0.15871,0.10676,0.84266,0.42408,0.4225,0.43272,0.42428,0.04989,0.34874,0.25411,0.25723,0.25059,0.25871,0.78333,0.1
50,20,5,deid4,0.68275,0.67875,0.6985,0.69618,-0.62799,0.07666,0.0577,0.95084,0.406,0.41017,0.41499,0.4103,0.02101,0.40274,0.27629,0.27585,0.27201,0.27666,0.9,0.2
50,20,5,deid8,0.71258,0.71208,0.70441,0.70377,-0.59483,-0.19077,0.11616,0.5977,0.36367,0.364,0.37112,0.36727,0.043,0.21998,0.30913,0.30979,0.30517,0.30923,0.9,0.5
50,20,5,deid16,0.65492,0.65142,0.69076,0.68816,-0.6891,-0.40186,0.09801,0.77663,0.4455,0.44867,0.45451,0.4505,0.05157,0.36934,0.24918,0.25016,0.24423,0.24814,0.93333,0.65
50,10,5,og,0.68075,0.679,0.70312,0.70306,0.00238,0.13645,0.48107,1.00015,0.36425,0.36633,0.36863,0.36658,0.17051,0.35311,0.26896,0.26697,0.26905,0.26979,0.26667,0.13333
50,10,5,deid4,0.67492,0.67533,0.70519,0.70139,-0.24475,0.0171,0.36087,1.14853,0.37242,0.37033,0.37765,0.36896,0.14023,0.42953,0.2572,0.26617,0.25525,0.2671,0.5,0.25
50,10,5,deid8,0.69075,0.6925,0.69965,0.70196,-0.58491,-0.11401,0.25851,1.03376,0.35025,0.349,0.35619,0.34883,0.09429,0.35585,0.2894,0.28647,0.28175,0.28599,0.86667,0.4
50,10,5,deid16,0.65175,0.65058,0.69799,0.69777,-0.57915,-0.51163,0.37701,0.84976,0.39742,0.39875,0.40306,0.39957,0.15146,0.35624,0.24527,0.24434,0.23752,0.23837,0.81667,0.75
20,50,40,og,0.71,0.70708,0.71183,0.70884,-0.15376,-0.018,0.6516,0.92643,0.54925,0.542,0.55896,0.54388,0.36566,0.50611,0.23744,0.24776,0.23167,0.24729,0.38542,0.26529
20,50,40,deid4,0.70492,0.70275,0.70545,0.70355,-0.18954,-0.0567,0.6442,0.92812,0.52267,0.51033,0.53198,0.51214,0.34003,0.47213,0.27076,0.285,0.26381,0.28313,0.45336,0.33983
20,50,40,deid8,0.69758,0.69575,0.69717,0.69552,-0.08743,-0.01025,0.72484,0.91575,0.515,0.5145,0.52217,0.51692,0.37488,0.46477,0.2867,0.28883,0.28349,0.28864,0.37092,0.2989
20,50,40,deid16,0.68508,0.68467,0.68569,0.68495,-0.22057,-0.04762,0.66805,0.97902,0.48267,0.46708,0.49067,0.46776,0.32823,0.45228,0.33048,0.34677,0.32229,0.34551,0.54287,0.39313
20,50,20,og,0.713,0.70908,0.71564,0.71127,-0.44457,-0.05282,0.20581,0.71386,0.55408,0.54167,0.57691,0.54936,0.12341,0.39753,0.22476,0.2416,0.21573,0.24114,0.6603,0.29396
20,50,20,deid4,0.70883,0.70125,0.7098,0.70149,-0.50483,-0.04196,0.17369,0.81925,0.49692,0.48483,0.5185,0.4895,0.08996,0.39464,0.28817,0.30878,0.27808,0.30837,0.78291,0.35033
20,50,20,deid8,0.70458,0.69592,0.70621,0.69724,-0.3938,-0.10818,0.20082,0.80682,0.5275,0.525,0.54981,0.53045,0.10943,0.42173,0.26109,0.27269,0.25324,0.27104,0.64703,0.37922
20,50,20,deid16,0.698,0.69133,0.69642,0.68975,-0.27843,-0.01584,0.30042,0.77014,0.44875,0.44175,0.46507,0.44696,0.13865,0.3446,0.35,0.36376,0.34453,0.36366,0.62297,0.37949
20,50,10,og,0.7185,0.71125,0.72147,0.71312,-0.72781,-0.01609,0.01784,0.61454,0.541,0.52575,0.56931,0.53632,0.01101,0.33087,0.22967,0.25357,0.22219,0.25367,0.95,0.26976
20,50,10,deid4,0.715,0.69775,0.71533,0.69747,-0.72683,0.05877,0.01247,0.89518,0.51117,0.50242,0.5379,0.50538,0.00659,0.4493,0.26599,0.2933,0.25888,0.29377,0.98571,0.235
20,50,10,deid8,0.70725,0.69408,0.70806,0.69436,-0.53633,-0.01199,0.06754,0.78366,0.51208,0.48875,0.53722,0.4943,0.03677,0.38451,0.27267,0.31013,0.26724,0.30991,0.80357,0.3219
20,50,10,deid16,0.70133,0.69167,0.69898,0.68877,-0.6489,-0.00582,0,0.86418,0.43667,0.41833,0.45979,0.42128,0,0.36359,0.35755,0.38639,0.3511,0.38632,1,0.39214
20,50,5,og,0.72183,0.70717,0.72515,0.7099,-0.77619,-0.06554,0,0.66439,0.53833,0.53533,0.56714,0.54425,0,0.36578,0.22737,0.24629,0.22381,0.24613,1,0.31167
20,50,5,deid4,0.717,0.69925,0.71872,0.69974,-0.73912,-0.00893,0,0.82957,0.50833,0.48975,0.5353,0.49411,0,0.40523,0.26427,0.30267,0.26088,0.30274,1,0.31167
20,50,5,deid8,0.71017,0.69458,0.71288,0.69593,-0.76643,-0.08338,0,0.76425,0.5415,0.50592,0.57036,0.51205,0,0.39028,0.23712,0.29029,0.23357,0.28995,1,0.37333
20,50,5,deid16,0.704,0.69017,0.70299,0.68841,-0.69106,-0.0676,0,0.77583,0.47683,0.44817,0.50213,0.4532,0,0.35632,0.31211,0.35594,0.30894,0.35573,1,0.42333
20,40,20,og,0.69408,0.691,0.70679,0.70244,-0.30717,-0.02084,0.3354,0.81001,0.517,0.51308,0.53492,0.51804,0.17792,0.42167,0.23224,0.24141,0.2244,0.24141,0.53157,0.26225
20,40,20,deid4,0.71458,0.711,0.71114,0.70708,-0.47386,-0.07609,0.21695,0.90054,0.43867,0.43775,0.45671,0.44005,0.09846,0.39228,0.30534,0.31119,0.29357,0.30978,0.76743,0.38587
20,40,20,deid8,0.6885,0.688,0.69317,0.68633,-0.26374,-0.02628,0.29985,0.95527,0.48042,0.45225,0.49791,0.45334,0.14929,0.42888,0.28534,0.32166,0.27876,0.32135,0.5425,0.34763
20,40,20,deid16,0.665,0.66067,0.68183,0.67472,-0.33704,-0.02588,0.35581,0.76468,0.53942,0.52808,0.55749,0.53459,0.19384,0.40041,0.23991,0.25993,0.23198,0.25989,0.56902,0.28578
20,40,10,og,0.70225,0.69617,0.71184,0.70419,-0.59365,-0.00644,0.08783,0.7124,0.49875,0.49433,0.52261,0.50164,0.04631,0.36133,0.24228,0.25601,0.23492,0.25618,0.82857,0.26262
20,40,10,deid4,0.71417,0.7105,0.71323,0.70597,-0.54745,0.01912,0.11082,0.83518,0.449,0.435,0.46994,0.43871,0.05083,0.36556,0.29033,0.31326,0.2835,0.31364,0.83095,0.29452
20,40,10,deid8,0.68783,0.68292,0.69417,0.68495,-0.51257,0.00668,0.07606,0.85172,0.48167,0.46575,0.50528,0.46924,0.03761,0.39966,0.28102,0.30814,0.27434,0.30835,0.7869,0.30167
20,40,10,deid16,0.66908,0.66358,0.68647,0.67319,-0.58983,-0.04163,0.06769,0.83761,0.53642,0.50725,0.56273,0.5113,0.03857,0.42775,0.23546,0.28088,0.22802,0.28027,0.81786,0.3219
20,40,5,og,0.70367,0.69217,0.71624,0.70341,-0.77662,-0.07998,0.00286,0.67758,0.50667,0.505,0.53345,0.51292,0.00156,0.3524,0.22785,0.24531,0.22338,0.24502,1,0.325
20,40,5,deid4,0.71883,0.71083,0.71669,0.70646,-0.71098,0.06368,0,0.86911,0.441,0.435,0.46438,0.4378,0,0.38051,0.2931,0.31166,0.28902,0.31202,1,0.24833
20,40,5,deid8,0.68108,0.67392,0.69945,0.68422,-0.77909,-0.0781,0,0.91314,0.52992,0.49842,0.55804,0.50133,0,0.44318,0.22535,0.27548,0.22091,0.27523,1,0.35333
20,40,5,deid16,0.66892,0.65992,0.68909,0.67258,-0.78149,-0.10569,0,0.95708,0.54475,0.51825,0.57355,0.51967,0,0.48847,0.22298,0.26965,0.21851,0.26931,1,0.375
20,20,10,og,0.685,0.68717,0.70994,0.70832,-0.22147,0.03834,0.41472,0.94304,0.41408,0.40875,0.42675,0.40971,0.17587,0.39364,0.24847,0.25633,0.24329,0.2581,0.46476,0.21976
20,20,10,deid4,0.69617,0.694,0.70116,0.69915,-0.29985,-0.00078,0.43008,0.94979,0.38508,0.38642,0.39666,0.38766,0.16234,0.36351,0.29167,0.29354,0.28396,0.29375,0.58381,0.29452
20,20,10,deid8,0.67558,0.68517,0.69983,0.70017,-0.31785,-0.02643,0.41113,0.9167,0.4185,0.40308,0.43113,0.40501,0.1783,0.36488,0.26046,0.27531,0.25239,0.27524,0.57024,0.30167
20,20,10,deid16,0.648,0.65125,0.68707,0.68232,-0.31501,-0.08938,0.41535,0.84371,0.45175,0.44133,0.46509,0.44519,0.19906,0.36706,0.24775,0.26578,0.24023,0.26348,0.55524,0.35286
20,20,5,og,0.67892,0.69058,0.71145,0.70815,-0.47219,-0.02862,0.14803,0.86908,0.42417,0.4015,0.44294,0.40376,0.06981,0.35312,0.23494,0.26288,0.22948,0.26305,0.70167,0.29167
20,20,5,deid4,0.68942,0.68067,0.70825,0.69882,-0.52449,0.03139,0.08859,1.0601,0.40267,0.40692,0.4217,0.40608,0.03778,0.42037,0.26165,0.27261,0.25551,0.27305,0.78,0.24167
20,20,5,deid8,0.68558,0.68142,0.70292,0.69394,-0.58775,-0.04733,0.0508,1.19292,0.40317,0.401,0.42324,0.39782,0.02219,0.46342,0.26981,0.2864,0.26225,0.28601,0.85,0.33333
20,20,5,deid16,0.64167,0.6305,0.69133,0.68145,-0.78188,-0.05669,0.01228,1.07428,0.46442,0.47225,0.48864,0.4709,0.00625,0.49672,0.22727,0.23527,0.21812,0.23498,1,0.29167
20,10,5,og,0.69833,0.6945,0.70388,0.70162,-0.20964,-0.03575,0.43376,0.99042,0.34242,0.34625,0.35222,0.34641,0.1551,0.34025,0.28896,0.28926,0.2837,0.28925,0.49333,0.325
20,10,5,deid4,0.69167,0.69108,0.70604,0.70279,-0.2594,-0.01519,0.55453,1.24436,0.35092,0.35033,0.35843,0.34673,0.20635,0.41631,0.2767,0.28316,0.2706,0.28314,0.53,0.29833
20,10,5,deid8,0.72733,0.71908,0.70831,0.70211,-0.20897,-0.01576,0.34024,1.49596,0.30958,0.31717,0.3198,0.30969,0.11782,0.45792,0.31404,0.31763,0.3077,0.31757,0.51667,0.33333
20,10,5,deid16,0.72242,0.71275,0.6948,0.69339,-0.38714,0.04113,0.54991,1.48991,0.3085,0.31983,0.31506,0.31261,0.18501,0.45786,0.3395,0.33069,0.32953,0.33113,0.71667,0.29
10,50,40,og,0.71075,0.70867,0.71188,0.70965,-0.14856,-3.00E-05,0.65071,0.89706,0.5385,0.53708,0.55715,0.54265,0.36412,0.48691,0.24711,0.25083,0.23561,0.25055,0.38417,0.25058
10,50,40,deid4,0.70275,0.69942,0.70268,0.6994,-0.10475,0.00352,0.77533,0.99396,0.51233,0.51233,0.52366,0.51281,0.40551,0.50955,0.28256,0.28591,0.27461,0.28601,0.37936,0.28249
10,50,40,deid8,0.69092,0.6905,0.69139,0.69083,-0.11333,0.02901,0.78048,0.98243,0.51983,0.51792,0.53092,0.5192,0.41364,0.50734,0.28659,0.28909,0.27782,0.29062,0.39115,0.26161
10,50,40,deid16,0.68817,0.68333,0.68806,0.68297,-0.11848,-0.01296,0.73868,1.02145,0.45108,0.43125,0.46276,0.43078,0.34189,0.43901,0.35879,0.38369,0.34955,0.38198,0.46803,0.39494
10,50,20,og,0.71508,0.70467,0.71856,0.70725,-0.52769,0.03851,0.20767,0.79259,0.53425,0.51417,0.57777,0.52536,0.12213,0.41152,0.23605,0.26809,0.21681,0.269,0.7445,0.23049
10,50,20,deid4,0.71342,0.69533,0.71231,0.69449,-0.55594,0.02458,0.13034,0.93099,0.47825,0.47817,0.52108,0.48163,0.0694,0.44946,0.29873,0.3175,0.27829,0.31785,0.83423,0.29327
10,50,20,deid8,0.71417,0.69583,0.71709,0.69721,-0.49471,0.00602,0.21291,0.84411,0.5485,0.52083,0.59302,0.52943,0.12924,0.44484,0.2234,0.27188,0.20466,0.27127,0.69937,0.26524
10,50,20,deid16,0.69792,0.68117,0.70285,0.68456,-0.64686,-0.01907,0.13428,0.89005,0.58025,0.54917,0.63277,0.55575,0.08522,0.48796,0.20671,0.25694,0.18239,0.25576,0.82925,0.27483
10,50,10,og,0.72725,0.70508,0.73104,0.70775,-0.73598,0.04772,0.02877,0.68053,0.52617,0.50183,0.57992,0.51686,0.01889,0.35724,0.22702,0.27626,0.21292,0.27711,0.9489,0.22939
10,50,10,deid4,0.721,0.6905,0.7265,0.6942,-0.72112,0.00441,0.04099,0.86946,0.55858,0.53775,0.6149,0.54427,0.02698,0.47367,0.19945,0.25479,0.18567,0.25476,0.90679,0.25035
10,50,10,deid8,0.72133,0.685,0.72562,0.68692,-0.61283,0.07457,0.07025,0.91938,0.54358,0.51475,0.59638,0.51952,0.04238,0.47076,0.21545,0.28562,0.20383,0.28694,0.81666,0.21237
10,50,10,deid16,0.70942,0.68175,0.71597,0.6857,-0.77161,-0.03307,0.03412,0.86829,0.57733,0.5345,0.63584,0.54169,0.02349,0.46686,0.1921,0.26712,0.17729,0.26637,0.9489,0.29944
10,50,5,og,0.73092,0.71,0.73672,0.71433,-0.81987,0.13568,0,0.54816,0.556,0.53908,0.61488,0.5635,0,0.31003,0.18925,0.23033,0.18013,0.23168,1,0.096
10,50,5,deid4,0.72767,0.69308,0.73347,0.69857,-0.81279,0.09713,0.00119,0.82152,0.55242,0.54917,0.61076,0.55882,0.00075,0.45942,0.19626,0.23705,0.18721,0.23813,1,0.141
10,50,5,deid8,0.72475,0.69117,0.73048,0.69374,-0.8231,0.07754,0,0.78091,0.56583,0.53208,0.62569,0.54424,0,0.4187,0.18608,0.25934,0.1769,0.2602,1,0.18266
10,50,5,deid16,0.71417,0.68267,0.72141,0.68683,-0.81979,0.02509,0,0.77512,0.57258,0.53458,0.63327,0.54658,0,0.42201,0.18925,0.26434,0.18021,0.26466,1,0.23957
10,40,20,og,0.69708,0.69517,0.707,0.70175,-0.37924,0.04142,0.35427,0.8294,0.49542,0.483,0.52769,0.49081,0.18852,0.41136,0.24908,0.26795,0.23177,0.26928,0.61102,0.22786
10,40,20,deid4,0.71917,0.708,0.71317,0.70059,-0.34109,0.02145,0.29854,1.01309,0.4235,0.42083,0.45406,0.42057,0.13495,0.42673,0.31333,0.33147,0.29751,0.33144,0.6386,0.31
10,40,20,deid8,0.67642,0.66808,0.69495,0.68295,-0.29863,0.00094,0.3435,0.8972,0.53075,0.51875,0.56663,0.52511,0.19358,0.46243,0.22863,0.2554,0.21431,0.25422,0.51294,0.25327
10,40,20,deid16,0.67225,0.658,0.69017,0.67401,-0.43679,-0.00778,0.28214,0.97097,0.53125,0.52667,0.57071,0.52932,0.16017,0.50267,0.23392,0.25845,0.21247,0.25753,0.64926,0.26531
10,40,10,og,0.70067,0.681,0.71678,0.70084,-0.57934,0.08524,0.1176,0.79122,0.50975,0.52792,0.55588,0.53829,0.06738,0.42822,0.21887,0.2207,0.20527,0.22261,0.78462,0.13736
10,40,10,deid4,0.7245,0.71283,0.7193,0.70095,-0.59842,0.03832,0.07302,0.85335,0.42275,0.40225,0.46362,0.40818,0.03388,0.34788,0.30263,0.34612,0.28838,0.34673,0.88679,0.30841
10,40,10,deid8,0.68858,0.67267,0.70368,0.67939,-0.48831,0.08452,0.0966,0.98192,0.507,0.48042,0.55485,0.48185,0.05355,0.46778,0.23809,0.29511,0.22605,0.29689,0.71436,0.21237
10,40,10,deid16,0.67692,0.667,0.69812,0.67435,-0.68859,-0.00234,0.08809,0.93538,0.53317,0.48492,0.58352,0.4887,0.05137,0.44655,0.21877,0.29681,0.20252,0.2971,0.89111,0.29944
10,40,5,og,0.70508,0.69692,0.72401,0.70732,-0.80936,0.18887,0,0.62946,0.516,0.4875,0.57034,0.50542,0,0.31941,0.20181,0.25141,0.19064,0.25391,1,0.06504
10,40,5,deid4,0.72842,0.71092,0.7256,0.70174,-0.70213,0.17964,0.00735,0.86414,0.42817,0.41167,0.47295,0.41687,0.00373,0.36417,0.28751,0.3341,0.27787,0.33644,0.98,0.1568
10,40,5,deid8,0.69117,0.67708,0.70833,0.68124,-0.76033,0.15248,0.00365,0.90667,0.50725,0.4635,0.56094,0.4687,0.00233,0.41781,0.23024,0.30808,0.21967,0.31014,0.98,0.15766
10,40,5,deid16,0.67958,0.65675,0.70575,0.67425,-0.82102,-0.00639,0,0.82795,0.5505,0.52517,0.60809,0.53515,0,0.42779,0.19029,0.25537,0.17898,0.25556,1,0.26196
10,20,10,og,0.699,0.69733,0.70671,0.70276,-0.28577,0.10429,0.39097,0.9777,0.3865,0.38533,0.41018,0.38648,0.15724,0.37292,0.27938,0.28692,0.26656,0.29182,0.55233,0.18752
10,20,10,deid4,0.70075,0.68883,0.70413,0.69588,-0.31614,-0.02,0.38082,0.9989,0.37908,0.39017,0.40254,0.3905,0.15392,0.38798,0.29102,0.29328,0.276,0.29215,0.59213,0.31214
10,20,10,deid8,0.70442,0.69433,0.7013,0.6913,-0.2893,0.03694,0.31261,1.04069,0.37042,0.37667,0.39615,0.3749,0.1218,0.3941,0.30435,0.31423,0.29093,0.31544,0.58023,0.2785
10,20,10,deid16,0.66408,0.66067,0.69372,0.6827,-0.30037,-0.04481,0.32501,1.07871,0.42908,0.42317,0.45832,0.42039,0.1474,0.44786,0.25805,0.28172,0.24399,0.27975,0.54436,0.32455
10,20,5,og,0.696,0.69233,0.71084,0.70204,-0.50938,0.12628,0.09793,0.76842,0.39333,0.39083,0.42954,0.39922,0.04763,0.31149,0.26423,0.28099,0.24934,0.2847,0.75872,0.15842
10,20,5,deid4,0.6855,0.67208,0.70748,0.69281,-0.47452,0.11252,0.13325,1.00353,0.40467,0.41158,0.44134,0.41206,0.0578,0.40832,0.25858,0.27546,0.24515,0.27852,0.71968,0.166
10,20,5,deid8,0.71558,0.71208,0.70313,0.69054,-0.34439,0.14621,0.108,0.92119,0.35308,0.34592,0.38561,0.34813,0.04347,0.32446,0.31718,0.34476,0.30668,0.34825,0.65107,0.20203
10,20,5,deid16,0.65025,0.65067,0.69779,0.68096,-0.62383,0.00806,0.08231,0.9844,0.45325,0.4365,0.49654,0.43748,0.04142,0.42438,0.22579,0.26994,0.208,0.27081,0.83183,0.26275
10,10,5,og,0.6735,0.6815,0.70833,0.70321,-0.14994,0.17043,0.35713,0.89249,0.37442,0.36242,0.39877,0.36594,0.14279,0.33111,0.24844,0.26965,0.2404,0.2779,0.39034,0.10747
10,10,5,deid4,0.67908,0.66183,0.71208,0.7073,-0.23661,0.09098,0.41963,1.07115,0.36933,0.38858,0.3909,0.38592,0.16497,0.41333,0.24688,0.23629,0.23243,0.24107,0.46904,0.15009
10,10,5,deid8,0.721,0.72142,0.71154,0.70791,-0.22445,0.00014,0.35849,1.17066,0.31742,0.31517,0.33819,0.31079,0.1194,0.35842,0.29975,0.30856,0.28661,0.3088,0.51106,0.30867
10,10,5,deid16,0.70925,0.70225,0.70554,0.70134,-0.19957,-0.01112,0.49055,1.09289,0.32867,0.3355,0.34517,0.33304,0.17258,0.35925,0.29927,0.30004,0.2876,0.29961,0.48717,0.31073
5,50,40,og,0.708,0.70283,0.70923,0.70419,-0.13989,0.00515,0.64357,0.92022,0.53858,0.54058,0.57311,0.5481,0.36971,0.50304,0.24716,0.25031,0.22845,0.25099,0.36834,0.24584
5,50,40,deid4,0.70258,0.69583,0.7035,0.69679,-0.11287,0.05339,0.70259,1.01619,0.52817,0.52808,0.55588,0.5265,0.39151,0.53379,0.26341,0.27035,0.24832,0.27748,0.36119,0.22409
5,50,40,deid8,0.68633,0.6785,0.68699,0.67875,-0.12009,-0.0073,0.71449,0.95437,0.53975,0.52592,0.5669,0.53038,0.40662,0.50237,0.26875,0.29107,0.25248,0.29,0.37257,0.2973
5,50,40,deid16,0.68175,0.67667,0.68421,0.67841,-0.15919,-0.00675,0.66856,0.90634,0.58283,0.56058,0.61735,0.57004,0.41366,0.51588,0.22861,0.25675,0.20719,0.2554,0.36638,0.26215
5,50,20,og,0.72283,0.70108,0.72627,0.70208,-0.447,0.00085,0.20713,0.72386,0.51875,0.49183,0.59932,0.51574,0.1251,0.37593,0.23484,0.288,0.20302,0.28793,0.65002,0.28708
5,50,20,deid4,0.71933,0.69958,0.72127,0.69988,-0.49339,0.03648,0.182,0.79206,0.50075,0.48483,0.58142,0.50236,0.10519,0.39881,0.25817,0.29748,0.22305,0.29999,0.71644,0.26351
5,50,20,deid8,0.70242,0.67692,0.70888,0.68113,-0.56553,0.03924,0.13939,0.84951,0.54417,0.52833,0.63721,0.54331,0.08985,0.45599,0.22826,0.27444,0.1882,0.27723,0.75373,0.23799
5,50,20,deid16,0.69558,0.66283,0.70384,0.66872,-0.50789,0.03632,0.17939,0.8728,0.56067,0.54375,0.65181,0.55824,0.11834,0.47685,0.21721,0.27244,0.181,0.27473,0.68889,0.23841
5,50,10,og,0.733,0.70175,0.7385,0.70307,-0.78856,0.00328,0.01254,0.63882,0.51433,0.48525,0.61819,0.51586,0.00847,0.33525,0.21858,0.28731,0.18805,0.28735,0.9766,0.28406
5,50,10,deid4,0.72675,0.68525,0.73584,0.69104,-0.69102,-0.05317,0.04502,0.76835,0.54292,0.52275,0.64767,0.54328,0.02987,0.42252,0.19281,0.26327,0.16588,0.26111,0.8569,0.31428
5,50,10,deid8,0.71617,0.67367,0.72706,0.67922,-0.73849,0.02738,0.026,0.77077,0.5575,0.51533,0.6683,0.53799,0.01777,0.40744,0.18814,0.28384,0.15939,0.28488,0.89789,0.25751
5,50,10,deid16,0.7135,0.66333,0.72481,0.66828,-0.74453,0.03433,0.02736,0.79038,0.56017,0.51317,0.67133,0.53357,0.01884,0.41587,0.18794,0.29828,0.15893,0.29941,0.90346,0.26508
5,50,5,og,0.74092,0.7035,0.74884,0.70522,-0.82267,0.05553,0,0.59668,0.52283,0.48525,0.63022,0.52058,0,0.31528,0.19448,0.28154,0.17733,0.2825,1,0.22697
5,50,5,deid4,0.73508,0.68958,0.74754,0.69402,-0.85505,0.04699,0,0.68697,0.55583,0.50467,0.66995,0.53208,0,0.36969,0.16278,0.27492,0.14495,0.27567,1,0.22868
5,50,5,deid8,0.72467,0.67292,0.73687,0.67262,-0.83904,0.09234,0,0.76546,0.55242,0.47067,0.66604,0.49253,0,0.36623,0.17832,0.33312,0.16096,0.33489,1,0.24256
5,50,5,deid16,0.72008,0.66483,0.73431,0.6688,-0.8487,0.07332,0,0.75529,0.56467,0.49875,0.68101,0.52264,0,0.38697,0.16902,0.30921,0.1513,0.31033,1,0.23701
5,40,20,og,0.705,0.69692,0.71781,0.70378,-0.31409,0.01623,0.34209,0.80792,0.48767,0.46892,0.5488,0.48413,0.1892,0.39342,0.2358,0.27233,0.20793,0.27375,0.52202,0.25752
5,40,20,deid4,0.71983,0.71117,0.71189,0.70062,-0.38517,0.00518,0.27065,0.83206,0.414,0.40683,0.47277,0.41903,0.12642,0.34817,0.31702,0.33847,0.28311,0.33882,0.66829,0.33365
5,40,20,deid8,0.678,0.66733,0.69685,0.68387,-0.37765,0.01232,0.29317,0.87513,0.51517,0.51067,0.58475,0.52192,0.17424,0.45647,0.23496,0.25592,0.20149,0.25714,0.57914,0.24482
5,40,20,deid16,0.68425,0.6725,0.70175,0.68133,-0.45202,0.00179,0.25505,0.93083,0.51158,0.4845,0.58586,0.49139,0.14687,0.45027,0.23229,0.28526,0.19268,0.28541,0.6447,0.28362
5,40,10,og,0.70842,0.68633,0.73124,0.70373,-0.64964,0.0085,0.08493,0.77828,0.507,0.49725,0.59979,0.51698,0.05157,0.40074,0.19224,0.23787,0.16063,0.23814,0.81026,0.22963
5,40,10,deid4,0.71692,0.69675,0.72404,0.69266,-0.54084,-0.01504,0.09033,0.82882,0.46083,0.43283,0.5444,0.44554,0.0485,0.37217,0.24775,0.31655,0.22161,0.31564,0.76245,0.33068
5,40,10,deid8,0.68733,0.67108,0.71631,0.68483,-0.6775,0.03474,0.0585,0.81574,0.52992,0.489,0.63198,0.5058,0.03606,0.40962,0.18882,0.27068,0.15584,0.27219,0.83333,0.23746
5,40,10,deid16,0.68817,0.67483,0.7149,0.68799,-0.59638,-0.00014,0.09924,0.7506,0.52258,0.48525,0.61715,0.50757,0.06151,0.37625,0.19795,0.27025,0.16898,0.26988,0.76536,0.27002
5,40,5,og,0.71917,0.69058,0.74361,0.70868,-0.84342,0.07266,0,0.67559,0.50067,0.49175,0.60321,0.52089,0,0.35155,0.17858,0.23354,0.15658,0.23535,1,0.16269
5,40,5,deid4,0.70992,0.6825,0.72957,0.68744,-0.71604,0.00139,0.01101,0.75337,0.49108,0.45817,0.59005,0.47735,0.0075,0.3641,0.20669,0.29506,0.18812,0.29495,0.90417,0.29355
5,40,5,deid8,0.69533,0.67033,0.725,0.68184,-0.80697,0.02232,0.00327,0.78788,0.52117,0.477,0.62836,0.49677,0.00227,0.38504,0.18268,0.28354,0.16162,0.28376,0.96859,0.26144
5,40,5,deid16,0.68983,0.64892,0.72565,0.68008,-0.84206,0.0246,0.01237,0.75548,0.53967,0.53758,0.64867,0.56174,0.00871,0.42152,0.16333,0.2252,0.14127,0.22539,0.98333,0.20079
5,20,10,og,0.69892,0.69733,0.70817,0.69573,-0.25167,0.03176,0.39054,0.89383,0.38417,0.37525,0.42861,0.38253,0.16865,0.34081,0.27651,0.30565,0.25308,0.30813,0.50475,0.27637
5,20,10,deid4,0.70267,0.71467,0.70467,0.69376,-0.29437,-0.0237,0.34318,1.01087,0.37425,0.34542,0.42034,0.34402,0.14566,0.35288,0.29224,0.33881,0.2649,0.33651,0.55927,0.36021
5,20,10,deid8,0.69625,0.70342,0.70225,0.69353,-0.41135,0.01306,0.2838,0.98113,0.38167,0.36183,0.43514,0.36284,0.12123,0.35784,0.28885,0.32275,0.25079,0.32432,0.66214,0.31127
5,20,10,deid16,0.69783,0.69925,0.70921,0.69447,-0.41109,-0.01889,0.21935,0.92491,0.38708,0.37133,0.44615,0.3769,0.09721,0.34293,0.27201,0.31181,0.23385,0.30961,0.64495,0.3285
5,20,5,og,0.68475,0.6865,0.71331,0.6977,-0.4741,0.08441,0.13404,0.83072,0.40575,0.38917,0.47547,0.40038,0.06779,0.33649,0.24315,0.28544,0.21847,0.28944,0.69257,0.20504
5,20,5,deid4,0.682,0.67283,0.71873,0.69361,-0.54151,0.01897,0.10099,0.90113,0.4165,0.4085,0.49095,0.41618,0.05051,0.37258,0.2235,0.27272,0.19667,0.27355,0.73818,0.25458
5,20,5,deid8,0.69025,0.6945,0.714,0.69039,-0.55649,0.03083,0.07788,0.93017,0.39758,0.36983,0.47127,0.37437,0.03702,0.3487,0.2502,0.31669,0.22237,0.3181,0.77886,0.28727
5,20,5,deid16,0.68992,0.70783,0.70959,0.68729,-0.66045,0.03705,0.10463,0.80746,0.39475,0.34767,0.46576,0.35913,0.04712,0.29288,0.26032,0.34392,0.22774,0.34512,0.88819,0.30808
5,10,5,og,0.664,0.66125,0.70561,0.69639,-0.24327,0.0549,0.3787,0.94059,0.383,0.38258,0.42739,0.38679,0.16646,0.36282,0.24342,0.26054,0.21931,0.26585,0.46258,0.21095
5,10,5,deid4,0.72392,0.71925,0.71643,0.70442,-0.29948,0.02291,0.33304,1.01384,0.31458,0.31558,0.35405,0.31488,0.12041,0.3208,0.29224,0.31305,0.26409,0.31448,0.56357,0.29157
5,10,5,deid8,0.6745,0.68383,0.71066,0.69954,-0.37048,-0.03609,0.39093,1.02059,0.373,0.35667,0.415,0.35564,0.16558,0.36213,0.24443,0.28079,0.20934,0.27695,0.57982,0.31304
5,10,5,deid16,0.63733,0.63358,0.70035,0.70007,-0.41313,0.0171,0.30994,0.85966,0.41383,0.41792,0.46814,0.4279,0.14712,0.36691,0.22234,0.21863,0.18328,0.21908,0.59641,0.20198
2,50,40,og,0.70625,0.70167,0.70726,0.70211,-0.15931,-0.01184,0.63749,0.87629,0.49725,0.50083,0.5653,0.52191,0.36222,0.45934,0.28106,0.28293,0.2356,0.27951,0.3949,0.29135
2,50,40,deid4,0.70308,0.694,0.70468,0.69733,-0.19591,-0.00058,0.62012,0.94189,0.50358,0.5265,0.57651,0.53704,0.35884,0.50611,0.27725,0.26229,0.22126,0.26216,0.41717,0.26274
2,50,40,deid8,0.69058,0.67567,0.69461,0.67852,-0.1555,0.01502,0.66481,0.95188,0.54208,0.52617,0.61142,0.53753,0.40476,0.50463,0.24965,0.28285,0.2053,0.28654,0.36081,0.27152
2,50,40,deid16,0.68475,0.67883,0.68937,0.68161,-0.20304,-0.0487,0.62869,0.86797,0.53625,0.50883,0.61236,0.53594,0.38525,0.45531,0.26117,0.29675,0.20355,0.28358,0.40658,0.33228
2,50,20,og,0.7285,0.69175,0.74501,0.70247,-0.44714,0.01022,0.24231,0.77339,0.5285,0.51158,0.70838,0.55328,0.17169,0.42895,0.1758,0.24419,0.10405,0.24598,0.5512,0.23577
2,50,20,deid4,0.72625,0.67333,0.73638,0.68231,-0.46446,0.05605,0.23514,0.85215,0.50408,0.5125,0.67669,0.54088,0.16185,0.45495,0.21067,0.26757,0.13643,0.27611,0.60089,0.22005
2,50,20,deid8,0.72508,0.6675,0.73369,0.66517,-0.52479,-0.00283,0.17852,0.83411,0.49275,0.4555,0.68011,0.48307,0.12161,0.40152,0.22526,0.34531,0.14105,0.34491,0.66584,0.34775
2,50,20,deid16,0.72783,0.6645,0.736,0.66199,-0.52897,0.03821,0.18198,0.88598,0.492,0.45767,0.67726,0.47729,0.12347,0.41753,0.22327,0.34724,0.13859,0.35386,0.66756,0.31565
2,50,10,og,0.74817,0.68133,0.76745,0.69901,-0.76164,0.03011,0.06471,0.73802,0.4985,0.50933,0.72509,0.55885,0.04883,0.41072,0.162,0.23812,0.09417,0.2409,0.85581,0.21078
2,50,10,deid4,0.75567,0.67092,0.77397,0.68158,-0.68446,0.01975,0.06788,0.82821,0.49333,0.49092,0.71678,0.5232,0.04966,0.42593,0.15891,0.27873,0.09805,0.28072,0.78251,0.26097
2,50,10,deid8,0.74708,0.66592,0.7628,0.67331,-0.81788,0.0084,0.03774,0.78379,0.48725,0.48058,0.71861,0.52078,0.02781,0.40061,0.17928,0.29953,0.10655,0.30078,0.92443,0.29238
2,50,10,deid16,0.75467,0.65217,0.76648,0.62952,-0.883,0.05014,0.00655,0.97662,0.472,0.37883,0.70722,0.38553,0.0049,0.36521,0.1899,0.45665,0.11144,0.46164,0.99444,0.41149
2,50,5,og,0.77217,0.68833,0.79488,0.6978,-0.91561,0.02481,0,0.67012,0.48733,0.47533,0.73317,0.53312,0,0.36079,0.12926,0.26779,0.08439,0.26893,1,0.24412
2,50,5,deid4,0.77225,0.67942,0.79491,0.68738,-0.91523,0.02738,0.00068,0.73035,0.48708,0.46892,0.73246,0.51755,0.0005,0.3719,0.12957,0.28748,0.08477,0.28907,1,0.26169
2,50,5,deid8,0.76383,0.65433,0.78871,0.67109,-0.91036,-0.02247,0.00173,0.77149,0.49633,0.50533,0.74589,0.54834,0.00133,0.41993,0.12836,0.27238,0.08376,0.27152,0.99412,0.29399
2,50,5,deid16,0.76425,0.6575,0.78876,0.64651,-0.91536,0.08459,0,0.77971,0.49525,0.421,0.74483,0.4552,0,0.35266,0.12942,0.38854,0.08464,0.39295,1,0.30836
2,40,20,og,0.71075,0.69783,0.72409,0.70027,-0.35372,0.01119,0.31692,0.81099,0.464,0.44075,0.60157,0.47019,0.19131,0.3824,0.23632,0.29144,0.16868,0.29351,0.5224,0.28233
2,40,20,deid4,0.70233,0.68233,0.71818,0.68769,-0.39207,0.03237,0.29273,0.86554,0.47392,0.45325,0.62104,0.47457,0.18303,0.41094,0.23435,0.29586,0.15877,0.30228,0.55084,0.26991
2,40,20,deid8,0.71342,0.67425,0.71348,0.65512,-0.40732,0.01679,0.25214,0.94548,0.42783,0.391,0.57122,0.39977,0.14404,0.37389,0.28677,0.40167,0.2086,0.40487,0.61592,0.38808
2,40,20,deid16,0.70708,0.66458,0.71686,0.64876,-0.47364,0.05091,0.22306,0.94526,0.45467,0.40067,0.61485,0.4092,0.13706,0.38377,0.25533,0.40035,0.16459,0.41036,0.63823,0.35945
2,40,10,og,0.72158,0.68467,0.75036,0.69874,-0.54296,0.02552,0.14592,0.7397,0.47183,0.45658,0.66047,0.49861,0.09859,0.3733,0.17773,0.26526,0.11878,0.26811,0.66174,0.24259
2,40,10,deid4,0.72475,0.67492,0.75167,0.67996,-0.59325,0.02997,0.10536,0.83199,0.46783,0.44167,0.66791,0.46975,0.07033,0.38513,0.17995,0.30649,0.11556,0.31033,0.70882,0.28036
2,40,10,deid8,0.72075,0.66367,0.73855,0.66067,-0.71439,0.02215,0.07683,0.87252,0.44833,0.42658,0.64865,0.44687,0.05164,0.38681,0.21788,0.34854,0.14068,0.35131,0.85507,0.32916
2,40,10,deid16,0.71658,0.65433,0.73372,0.63218,-0.77493,0.02745,0.06346,0.9687,0.44833,0.38875,0.65213,0.39565,0.04388,0.37482,0.22456,0.42611,0.1406,0.42942,0.91553,0.40197
2,40,5,og,0.746,0.68533,0.77354,0.69801,-0.87149,0.01333,0.00423,0.7101,0.44642,0.44558,0.67035,0.49304,0.00294,0.35196,0.16228,0.27117,0.10987,0.27194,0.98136,0.2586
2,40,5,deid4,0.74167,0.67625,0.77146,0.67413,-0.8779,0.06756,0.0044,0.83922,0.45192,0.41767,0.67835,0.44286,0.00314,0.3687,0.15978,0.33312,0.107,0.33748,0.9849,0.26992
2,40,5,deid8,0.72975,0.64283,0.76229,0.66748,-0.86138,-0.00962,0.01316,0.85703,0.46167,0.48175,0.68995,0.51091,0.00967,0.42553,0.16322,0.27856,0.1114,0.27837,0.97278,0.288
2,40,5,deid16,0.73658,0.66733,0.76399,0.63977,-0.875,0.1093,0.00312,0.919,0.44983,0.37425,0.67576,0.38817,0.00221,0.34784,0.17255,0.4257,0.12,0.43244,0.995,0.32314
2,20,10,og,0.71283,0.72158,0.70887,0.69259,-0.29329,0.03129,0.35618,0.89557,0.35467,0.32825,0.45209,0.33907,0.16099,0.30639,0.29692,0.35035,0.23971,0.35655,0.53299,0.32526
2,20,10,deid4,0.71208,0.7065,0.71364,0.68575,-0.21647,0.03055,0.40933,1.03132,0.35992,0.34517,0.44945,0.34293,0.18191,0.34921,0.2839,0.3451,0.24167,0.35121,0.45814,0.32066
2,20,10,deid8,0.72275,0.70767,0.71323,0.68666,-0.30717,-0.04156,0.39647,1.02636,0.34408,0.34533,0.43074,0.34266,0.17163,0.35023,0.30043,0.3435,0.24026,0.33565,0.54743,0.37721
2,20,10,deid16,0.70125,0.68225,0.70374,0.66682,-0.34587,-0.01252,0.3317,1.07982,0.36808,0.36592,0.47199,0.35993,0.16105,0.37708,0.29208,0.35572,0.22473,0.35342,0.5706,0.36594
2,20,5,og,0.67692,0.643,0.73668,0.69608,-0.47543,0.01502,0.20244,0.87477,0.42008,0.4385,0.57309,0.45796,0.11702,0.40016,0.17793,0.22838,0.12422,0.23004,0.59965,0.21503
2,20,5,deid4,0.69367,0.66917,0.729,0.68873,-0.54253,0.0594,0.13877,0.93853,0.39133,0.3975,0.55025,0.40558,0.07757,0.38144,0.21968,0.28196,0.15794,0.28868,0.70047,0.22929
2,20,5,deid8,0.70958,0.67392,0.72463,0.68822,-0.68163,-0.0798,0.0885,0.88945,0.36525,0.38975,0.52548,0.40402,0.04849,0.3614,0.25327,0.29065,0.17582,0.28169,0.85746,0.3615
2,20,5,deid16,0.70433,0.69933,0.72474,0.68638,-0.60956,-0.0781,0.13109,0.81043,0.3725,0.3515,0.5255,0.37449,0.0695,0.30643,0.24582,0.33181,0.17654,0.32305,0.7861,0.40115
2,10,5,og,0.68083,0.67483,0.71845,0.70266,-0.2892,0.01005,0.38102,0.988,0.36425,0.36542,0.46065,0.36613,0.17142,0.36439,0.23556,0.26323,0.17726,0.26476,0.46646,0.25471
2,10,5,deid4,0.71742,0.73342,0.71814,0.69785,-0.33646,0.03969,0.34975,1.1041,0.31967,0.293,0.40859,0.2834,0.14341,0.31212,0.28079,0.3447,0.21167,0.35219,0.54813,0.3125
2,10,5,deid8,0.69525,0.69625,0.70499,0.69144,-0.32542,-0.02428,0.43561,1.07234,0.34233,0.33583,0.421,0.32832,0.18488,0.35074,0.28228,0.31353,0.21567,0.30842,0.54109,0.3327
2,10,5,deid16,0.69325,0.73533,0.7149,0.70063,-0.27341,-0.0915,0.44044,0.73348,0.3475,0.29158,0.42808,0.32059,0.18782,0.2344,0.25886,0.34099,0.20355,0.32256,0.47696,0.41407
1,50,40,og,0.71475,0.71067,0.71361,0.70783,-0.17611,0.00618,0.63237,0.91646,0.46583,0.45342,0.57026,0.47258,0.3605,0.4342,0.29767,0.31643,0.22028,0.31893,0.39638,0.31275
1,50,40,deid4,0.69625,0.68992,0.70059,0.69368,-0.19855,0.01991,0.65407,1.00652,0.5125,0.50667,0.61797,0.50584,0.40662,0.50747,0.26542,0.27896,0.17807,0.28769,0.37662,0.26778
1,50,40,deid8,0.68825,0.67592,0.69275,0.67661,-0.18577,0.13149,0.65255,1.22664,0.50967,0.47917,0.61821,0.43438,0.3998,0.52447,0.27702,0.32545,0.19559,0.38325,0.38136,0.25176
1,50,40,deid16,0.67767,0.66533,0.67818,0.66379,-0.19707,0.05395,0.61992,1.04908,0.48742,0.47042,0.60189,0.46593,0.37304,0.47547,0.31541,0.34836,0.22852,0.37176,0.42559,0.31782
1,50,20,og,0.74008,0.66767,0.75816,0.69697,-0.40152,0.01171,0.27934,0.79841,0.47917,0.53242,0.74681,0.58834,0.20982,0.47651,0.18368,0.21032,0.07238,0.21312,0.4739,0.20141
1,50,20,deid4,0.74442,0.69117,0.75146,0.69126,-0.46332,0.01986,0.23036,0.77546,0.4455,0.44158,0.72127,0.49387,0.16748,0.38892,0.2261,0.30855,0.09737,0.31367,0.56069,0.29381
1,50,20,deid8,0.73067,0.67242,0.74207,0.673,-0.49422,0.04213,0.22321,0.84905,0.46292,0.44717,0.75461,0.48817,0.16944,0.40536,0.22099,0.3267,0.0835,0.33749,0.57772,0.29536
1,50,20,deid16,0.74542,0.68125,0.74765,0.6253,-0.44759,0.14149,0.20713,0.94404,0.431,0.2745,0.71263,0.28474,0.14758,0.26444,0.24562,0.56173,0.12105,0.59992,0.56864,0.45844
1,50,10,og,0.77467,0.6965,0.79021,0.70656,-0.64769,0.05614,0.1157,0.70863,0.42108,0.44075,0.75197,0.51503,0.0878,0.36621,0.17155,0.2692,0.06866,0.27785,0.71635,0.22171
1,50,10,deid4,0.77658,0.683,0.78949,0.68961,-0.66008,-0.00524,0.09072,0.69712,0.41483,0.43958,0.75711,0.51514,0.06995,0.36338,0.17882,0.29421,0.07325,0.29401,0.73333,0.29924
1,50,10,deid8,0.78058,0.69133,0.7865,0.66347,-0.71948,0.07329,0.05872,0.75305,0.39883,0.36558,0.74979,0.41642,0.04532,0.31435,0.19905,0.40486,0.0848,0.41574,0.80428,0.34245
1,50,10,deid16,0.76725,0.65983,0.77593,0.65582,-0.76057,0.0384,0.05697,0.79202,0.40983,0.42708,0.7721,0.47838,0.04482,0.37656,0.20292,0.35414,0.08229,0.35983,0.84285,0.32144
1,50,5,og,0.80817,0.68158,0.82519,0.70096,-0.90902,0.0393,0.01091,0.67756,0.39075,0.45,0.77047,0.53353,0.00882,0.36636,0.13762,0.25851,0.05853,0.26233,0.96756,0.22304
1,50,5,deid4,0.80333,0.66517,0.81771,0.67199,-0.8727,0.01652,0.01599,0.69075,0.38858,0.43758,0.76196,0.5089,0.01289,0.36616,0.15064,0.31293,0.07402,0.31485,0.94672,0.29833
1,50,5,deid8,0.801,0.70383,0.81743,0.66966,-0.92767,0.06993,0.00676,0.65797,0.39342,0.34842,0.77879,0.41788,0.00534,0.27839,0.14623,0.40549,0.06494,0.41248,0.99261,0.34255
1,50,5,deid16,0.789,0.66808,0.80745,0.66459,-0.92939,0.06159,0,0.72307,0.40208,0.4165,0.80114,0.48725,0,0.34445,0.15209,0.34466,0.07061,0.35097,1,0.28938
1,40,20,og,0.72758,0.68667,0.74118,0.70092,-0.34917,0.01339,0.33405,0.84559,0.43667,0.45458,0.65301,0.49063,0.21895,0.41843,0.22521,0.26365,0.11224,0.26749,0.46141,0.2541
1,40,20,deid4,0.73192,0.69325,0.73811,0.69989,-0.38985,0.02162,0.30021,0.86052,0.42033,0.437,0.643,0.47094,0.19618,0.40292,0.24592,0.28275,0.11977,0.28941,0.50962,0.26779
1,40,20,deid8,0.70725,0.67667,0.72007,0.67075,-0.41253,0.03933,0.30113,0.87914,0.443,0.41558,0.67813,0.44948,0.2075,0.38115,0.24851,0.34481,0.11496,0.35734,0.52749,0.31801
1,40,20,deid16,0.72658,0.705,0.73049,0.66508,-0.44181,0.01637,0.22928,0.8554,0.417,0.33375,0.6773,0.36387,0.155,0.3032,0.25993,0.43484,0.11728,0.43944,0.55909,0.42306
1,40,10,og,0.75317,0.68992,0.77476,0.70543,-0.51457,0.03679,0.17622,0.74481,0.40592,0.42817,0.68796,0.48745,0.12231,0.36852,0.18202,0.26369,0.08464,0.27049,0.59921,0.2337
1,40,10,deid4,0.75892,0.67883,0.7743,0.69355,-0.57077,-0.00791,0.13754,0.76744,0.39417,0.43308,0.68949,0.48367,0.09696,0.38207,0.19456,0.2767,0.08585,0.27581,0.65663,0.28372
1,40,10,deid8,0.76242,0.69208,0.76099,0.65963,-0.62816,0.0533,0.09277,0.81783,0.367,0.35683,0.66774,0.39659,0.0652,0.31734,0.24161,0.40381,0.12138,0.41461,0.74954,0.36131
1,40,10,deid16,0.74733,0.68333,0.75509,0.66554,-0.64422,0.02308,0.1138,0.777,0.38775,0.38075,0.69365,0.42948,0.07938,0.33127,0.22972,0.37086,0.10714,0.3756,0.75136,0.35252
1,40,5,og,0.78383,0.68275,0.80065,0.69837,-0.81187,0.04775,0.04051,0.70814,0.36608,0.4185,0.70004,0.48459,0.0299,0.35204,0.16899,0.27466,0.08227,0.28118,0.89415,0.23343
1,40,5,deid4,0.78717,0.69925,0.80238,0.68429,-0.87101,0.02716,0.0251,0.74336,0.36308,0.37233,0.70519,0.42449,0.01838,0.32019,0.16938,0.34268,0.07757,0.34632,0.94858,0.31916
1,40,5,deid8,0.78225,0.69783,0.79859,0.65523,-0.88423,0.07462,0.01483,0.71515,0.3665,0.33708,0.71948,0.39294,0.01112,0.28067,0.17176,0.42278,0.07826,0.43131,0.9625,0.3567
1,40,5,deid16,0.77692,0.69142,0.78785,0.67275,-0.86964,0.0509,0.01669,0.7027,0.3625,0.37083,0.70959,0.43629,0.01321,0.30515,0.19243,0.36199,0.10032,0.3678,0.96996,0.3169
1,20,10,og,0.69475,0.67317,0.73472,0.70315,-0.24322,0.02527,0.41333,0.92387,0.38992,0.39833,0.5498,0.41258,0.22826,0.38356,0.20879,0.2543,0.1299,0.26158,0.37313,0.23631
1,20,10,deid4,0.70008,0.69725,0.72216,0.69481,-0.32704,0.01531,0.34226,0.9688,0.37425,0.35925,0.55745,0.36933,0.18946,0.34837,0.24604,0.30774,0.13976,0.31488,0.46681,0.29958
1,20,10,deid8,0.7065,0.69842,0.723,0.68727,-0.34863,-0.00629,0.32253,0.91793,0.36483,0.35125,0.5505,0.36528,0.17787,0.3368,0.2539,0.32857,0.13961,0.32797,0.48824,0.33426
1,20,10,deid16,0.72367,0.71992,0.71164,0.67778,-0.34983,-0.07913,0.38725,0.86308,0.33383,0.31625,0.48059,0.34122,0.18644,0.29107,0.30439,0.37984,0.1884,0.35334,0.53823,0.43247
1,20,5,og,0.71408,0.69317,0.76274,0.70427,-0.43024,0.04417,0.21401,0.877,0.36592,0.3605,0.60085,0.38205,0.12925,0.33838,0.17274,0.28072,0.09008,0.29195,0.52032,0.24778
1,20,5,deid4,0.70533,0.64433,0.7509,0.6849,-0.53459,0.00828,0.16837,0.92518,0.3715,0.4145,0.63216,0.43447,0.10848,0.39487,0.18813,0.26085,0.08154,0.26252,0.61613,0.25424
1,20,5,deid8,0.70475,0.66175,0.75175,0.68709,-0.52188,-0.05611,0.20415,0.82218,0.37242,0.39308,0.61431,0.43162,0.12887,0.35416,0.18561,0.2786,0.08178,0.26863,0.60366,0.32474
1,20,5,deid16,0.69558,0.63175,0.74924,0.69517,-0.44912,-0.03295,0.23696,0.79447,0.38308,0.43725,0.61566,0.4895,0.14829,0.38466,0.17936,0.22005,0.09098,0.21407,0.5401,0.24702
1,10,5,og,0.71667,0.71842,0.73273,0.70898,-0.21075,0.04517,0.39828,0.97681,0.32117,0.31142,0.45815,0.31573,0.18263,0.30681,0.24798,0.30165,0.18003,0.31779,0.39078,0.27262
1,10,5,deid4,0.72233,0.72633,0.72389,0.68714,-0.27654,0.01122,0.35285,0.99317,0.312,0.2955,0.46326,0.2978,0.1581,0.29323,0.27368,0.35809,0.18799,0.36469,0.46453,0.35347
1,10,5,deid8,0.6985,0.69083,0.72155,0.69647,-0.31986,-0.03333,0.38193,0.81999,0.33867,0.3395,0.48912,0.36964,0.18688,0.30888,0.25125,0.29679,0.14973,0.28674,0.46959,0.32007
1,10,5,deid16,0.681,0.67617,0.72182,0.69789,-0.23288,-0.02968,0.44456,0.84596,0.35967,0.35733,0.50146,0.39043,0.21678,0.32351,0.22981,0.27626,0.15636,0.26451,0.38924,0.29418
